{
  "render_settings": {
    "width": 78573.49169886993,
    "height": 70313.45208516158,
    "padding": 5224.090440869447,
    "stop_radius": 81746.00104161909,
    "line_width": 63991.69921636658,
    "stop_label_font_size": 9049,
    "stop_label_offset": [
      -68753.90942620242,
      -6447.598034429888
    ],
    "underlayer_color": [
      235,
      189,
      40
    ],
    "underlayer_width": 70584.81898061666,
    "color_palette": [
      "teal",
      [
        148,
        178,
        65
      ],
      "maroon",
      [
        225,
        152,
        230,
        0.8819847516507264
      ],
      "bisque",
      "black",
      [
        104,
        201,
        44
      ],
      [
        197,
        4,
        88
      ],
      "wheat",
      [
        55,
        73,
        235
      ],
      [
        209,
        52,
        172
      ],
      "yellow",
      [
        176,
        186,
        246,
        0.4740039352735771
      ],
      "chocolate",
      "khaki",
      "coral",
      [
        218,
        187,
        221
      ],
      [
        74,
        5,
        167
      ],
      "orchid",
      [
        167,
        124,
        45
      ],
      [
        57,
        236,
        234,
        0.04400366155500601
      ],
      "plum",
      [
        246,
        135,
        27
      ],
      "thistle",
      [
        223,
        161,
        40,
        0.3735110697832541
      ],
      [
        41,
        197,
        166,
        0.8514750406952944
      ],
      [
        159,
        227,
        104
      ],
      "fuchsia",
      [
        9,
        33,
        222
      ],
      "lavender",
      [
        133,
        16,
        13
      ],
      "bisque",
      [
        81,
        120,
        3
      ],
      "plum",
      [
        8,
        3,
        220
      ],
      [
        128,
        169,
        141,
        0.11936941176039806
      ],
      "teal",
      [
        10,
        115,
        67
      ],
      "bisque",
      "aqua",
      [
        105,
        116,
        38
      ],
      [
        33,
        149,
        252
      ],
      "indigo",
      [
        60,
        204,
        193
      ],
      "peru",
      [
        171,
        127,
        169
      ],
      "yellow",
      "white",
      "brown",
      "maroon",
      [
        45,
        68,
        224
      ],
      "olive",
      [
        38,
        243,
        193
      ],
      "magenta",
      [
        106,
        53,
        116
      ],
      [
        22,
        83,
        105,
        0.5255996010471113
      ],
      "tomato",
      [
        167,
        253,
        134
      ],
      [
        26,
        242,
        85
      ],
      "white",
      [
        186,
        124,
        57,
        0.6125135811895533
      ],
      "tomato",
      "cornsilk",
      [
        100,
        219,
        62
      ],
      [
        12,
        173,
        81
      ],
      [
        116,
        231,
        101
      ],
      "brown",
      [
        73,
        25,
        54
      ],
      [
        91,
        255,
        18
      ],
      [
        211,
        57,
        8
      ],
      "indigo",
      [
        22,
        240,
        228,
        0.7117748317077027
      ],
      [
        224,
        162,
        232
      ],
      [
        60,
        216,
        179
      ],
      [
        249,
        224,
        110
      ],
      [
        197,
        234,
        220
      ],
      "green",
      [
        193,
        21,
        67
      ],
      [
        4,
        21,
        63
      ],
      "cyan",
      "teal",
      "lime",
      [
        222,
        238,
        99
      ],
      "white",
      [
        126,
        246,
        35
      ],
      "khaki",
      [
        22,
        163,
        202
      ],
      [
        34,
        43,
        11
      ],
      "bisque"
    ],
    "bus_label_font_size": 27288,
    "bus_label_offset": [
      90843.8128725001,
      -61939.503934335895
    ]
  },
  "base_requests": [
    {
      "type": "Stop",
      "name": "A1",
      "latitude": 55.611087,
      "longitude": 37.20829,
      "road_distances": {
        "A2": 1000,
        "A3": 1000
      }
    },
    {
      "type": "Stop",
      "name": "A2",
      "latitude": 55.595884,
      "longitude": 37.209755,
      "road_distances": {
        "A3": 1000
      }
    },
    {
      "type": "Stop",
      "name": "A3",
      "latitude": 55.632761,
      "longitude": 37.333324,
      "road_distances": {}
    },
    {
      "type": "Bus",
      "name": "B1",
      "stops": [
        "A1",
        "A2"
      ],
      "is_roundtrip": false
    },
    {
      "type": "Bus",
      "name": "B2",
      "stops": [
        "A2",
        "A3"
      ],
      "is_roundtrip": false
    }
  ],
  "stat_requests": [
    {
      "id": 389250549,
      "type": "Stop",
      "name": "A1"
    }
  ]
}